BaRT_ID;HORVU_ID
BaRT2v18chr1HG002230;HORVU.MOREX.r3.1HG0004220
BaRT2v18chr1HG002840;HORVU.MOREX.r3.1HG0005580
BaRT2v18chr1HG006350;HORVU.MOREX.r3.1HG0013820
BaRT2v18chr1HG010750;HORVU.MOREX.r3.1HG0022440
BaRT2v18chr1HG011570;HORVU.MOREX.r3.1HG0024280
BaRT2v18chr1HG011780;HORVU.MOREX.r3.1HG0024740
BaRT2v18chr1HG014500;HORVU.MOREX.r3.1HG0032710
BaRT2v18chr1HG015020;HORVU.MOREX.r3.1HG0034230
BaRT2v18chr1HG016200;HORVU.MOREX.r3.1HG0037250
BaRT2v18chr1HG016820;HORVU.MOREX.r3.1HG0038800
BaRT2v18chr1HG017980;HORVU.MOREX.r3.1HG0041280
BaRT2v18chr1HG018110;HORVU.MOREX.r3.1HG0041600
BaRT2v18chr1HG019130;HORVU.MOREX.r3.1HG0044150
BaRT2v18chr1HG019910;HORVU.MOREX.r3.1HG0046030
BaRT2v18chr1HG021380;HORVU.MOREX.r3.1HG0049340
BaRT2v18chr1HG021380;HORVU.MOREX.r3.1HG0049340
BaRT2v18chr1HG021540;HORVU.MOREX.r3.1HG0049600
BaRT2v18chr1HG022030;HORVU.MOREX.r3.1HG0050630
BaRT2v18chr1HG023710;HORVU.MOREX.r3.1HG0053700
BaRT2v18chr1HG023960;HORVU.MOREX.r3.1HG0054000
BaRT2v18chr1HG029570;HORVU.MOREX.r3.1HG0063610
BaRT2v18chr1HG031540;HORVU.MOREX.r3.1HG0066900
BaRT2v18chr1HG032480;HORVU.MOREX.r3.1HG0068010
BaRT2v18chr1HG036030;HORVU.MOREX.r3.1HG0073500
BaRT2v18chr1HG036560;HORVU.MOREX.r3.1HG0074190
BaRT2v18chr1HG037770;HORVU.MOREX.r3.1HG0076150
BaRT2v18chr1HG043850;HORVU.MOREX.r3.1HG0085550
BaRT2v18chr1HG047420;HORVU.MOREX.r3.1HG0092190
BaRT2v18chr1HG048960;HORVU.MOREX.r3.1HG0094560
BaRT2v18chr2HG051380;HORVU.MOREX.r3.2HG0098410
BaRT2v18chr2HG055050;HORVU.MOREX.r3.2HG0105420
BaRT2v18chr2HG055100;HORVU.MOREX.r3.2HG0105520
BaRT2v18chr2HG055100;HORVU.MOREX.r3.2HG0105540
BaRT2v18chr2HG055840;HORVU.MOREX.r3.2HG0107190
BaRT2v18chr2HG059550;HORVU.MOREX.r3.2HG0113660
BaRT2v18chr2HG062780;HORVU.MOREX.r3.2HG0119860
BaRT2v18chr2HG064010;HORVU.MOREX.r3.2HG0122100
BaRT2v18chr2HG064210;HORVU.MOREX.r3.2HG0122450
BaRT2v18chr2HG068360;HORVU.MOREX.r3.2HG0131040
BaRT2v18chr2HG068650;HORVU.MOREX.r3.2HG0131530
BaRT2v18chr2HG069470;HORVU.MOREX.r3.2HG0133330
BaRT2v18chr2HG069790;HORVU.MOREX.r3.2HG0133880
BaRT2v18chr2HG072420;HORVU.MOREX.r3.2HG0139470
BaRT2v18chr2HG073100;HORVU.MOREX.r3.2HG0141400
BaRT2v18chr2HG074360;HORVU.MOREX.r3.2HG0144830
BaRT2v18chr2HG075930;HORVU.MOREX.r3.2HG0149060
BaRT2v18chr2HG077460;HORVU.MOREX.r3.2HG0153260
BaRT2v18chr2HG078600;HORVU.MOREX.r3.2HG0155750
BaRT2v18chr2HG083720;HORVU.MOREX.r3.2HG0167300
BaRT2v18chr2HG084720;HORVU.MOREX.r3.2HG0169420
BaRT2v18chr2HG086110;HORVU.MOREX.r3.2HG0172320
BaRT2v18chr2HG089050;HORVU.MOREX.r3.2HG0176800
BaRT2v18chr2HG091270;HORVU.MOREX.r3.2HG0180490
BaRT2v18chr2HG095490;HORVU.MOREX.r3.2HG0187360
BaRT2v18chr2HG097660;HORVU.MOREX.r3.2HG0190660
BaRT2v18chr2HG098310;HORVU.MOREX.r3.2HG0191610
BaRT2v18chr2HG098800;HORVU.MOREX.r3.2HG0192510
BaRT2v18chr2HG100860;HORVU.MOREX.r3.2HG0194280
BaRT2v18chr2HG106690;HORVU.MOREX.r3.2HG0204020
BaRT2v18chr2HG108330;HORVU.MOREX.r3.2HG0206630
BaRT2v18chr2HG108760;HORVU.MOREX.r3.2HG0207270
BaRT2v18chr3HG114940;HORVU.MOREX.r3.3HG0218410
BaRT2v18chr3HG120240;HORVU.MOREX.r3.3HG0228860
BaRT2v18chr3HG121340;HORVU.MOREX.r3.3HG0230940
BaRT2v18chr3HG122610;HORVU.MOREX.r3.3HG0232840
BaRT2v18chr3HG122780;HORVU.MOREX.r3.3HG0233200
BaRT2v18chr3HG122880;HORVU.MOREX.r3.3HG0233610
BaRT2v18chr3HG126690;HORVU.MOREX.r3.3HG0240590
BaRT2v18chr3HG126690;HORVU.MOREX.r3.3HG0240590
BaRT2v18chr3HG132390;HORVU.MOREX.r3.3HG0252270
BaRT2v18chr3HG139620;HORVU.MOREX.r3.3HG0270100
BaRT2v18chr3HG139850;HORVU.MOREX.r3.3HG0270750
BaRT2v18chr3HG140210;HORVU.MOREX.r3.3HG0271550
BaRT2v18chr3HG142760;HORVU.MOREX.r3.3HG0277200
BaRT2v18chr3HG143530;HORVU.MOREX.r3.3HG0279110
BaRT2v18chr3HG144770;HORVU.MOREX.r3.3HG0281240
BaRT2v18chr3HG145560;HORVU.MOREX.r3.3HG0282840
BaRT2v18chr3HG146760;HORVU.MOREX.r3.3HG0285100
BaRT2v18chr3HG146820;HORVU.MOREX.r3.3HG0285210
BaRT2v18chr3HG148350;HORVU.MOREX.r3.3HG0287740
BaRT2v18chr3HG150320;HORVU.MOREX.r3.3HG0290950
BaRT2v18chr3HG154090;HORVU.MOREX.r3.3HG0297100
BaRT2v18chr3HG159280;HORVU.MOREX.r3.3HG0305100
BaRT2v18chr3HG160020;HORVU.MOREX.r3.3HG0306040
BaRT2v18chr3HG173430;HORVU.MOREX.r3.3HG0330120
BaRT2v18chr3HG174030;HORVU.MOREX.r3.3HG0330810
BaRT2v18chr4HG176140;HORVU.MOREX.r3.4HG0333810
BaRT2v18chr4HG180140;HORVU.MOREX.r3.4HG0339590
BaRT2v18chr4HG190920;HORVU.MOREX.r3.4HG0362920
BaRT2v18chr4HG196540;HORVU.MOREX.r3.4HG0378860
BaRT2v18chr4HG199480;HORVU.MOREX.r3.4HG0384390
BaRT2v18chr4HG202040;HORVU.MOREX.r3.4HG0389180
BaRT2v18chr4HG203760;HORVU.MOREX.r3.4HG0392110
BaRT2v18chr4HG205780;HORVU.MOREX.r3.4HG0395220
BaRT2v18chr4HG206240;HORVU.MOREX.r3.4HG0396080
BaRT2v18chr4HG215120;HORVU.MOREX.r3.4HG0409870
BaRT2v18chr4HG217830;HORVU.MOREX.r3.4HG0414200
BaRT2v18chr4HG219590;HORVU.MOREX.r3.4HG0416970
BaRT2v18chr5HG224040;HORVU.MOREX.r3.5HG0427160
BaRT2v18chr5HG226120;HORVU.MOREX.r3.5HG0432270
BaRT2v18chr5HG230230;HORVU.MOREX.r3.5HG0442640
BaRT2v18chr5HG234210;HORVU.MOREX.r3.5HG0451540
BaRT2v18chr5HG235470;HORVU.MOREX.r3.5HG0454900
BaRT2v18chr5HG235800;HORVU.MOREX.r3.5HG0456510
BaRT2v18chr5HG236850;HORVU.MOREX.r3.5HG0462370
BaRT2v18chr5HG246340;HORVU.MOREX.r3.5HG0478190
BaRT2v18chr5HG246930;HORVU.MOREX.r3.5HG0479240
BaRT2v18chr5HG252520;HORVU.MOREX.r3.5HG0488480
BaRT2v18chr5HG253190;HORVU.MOREX.r3.5HG0489830
BaRT2v18chr5HG256480;HORVU.MOREX.r3.5HG0495090
BaRT2v18chr5HG257510;HORVU.MOREX.r3.5HG0496780
BaRT2v18chr5HG262690;HORVU.MOREX.r3.5HG0505470
BaRT2v18chr5HG263480;HORVU.MOREX.r3.5HG0507370
BaRT2v18chr5HG266580;HORVU.MOREX.r3.5HG0512230
BaRT2v18chr5HG271380;HORVU.MOREX.r3.5HG0520210
BaRT2v18chr5HG271620;HORVU.MOREX.r3.5HG0520760
BaRT2v18chr5HG278480;HORVU.MOREX.r3.5HG0532570
BaRT2v18chr5HG280990;HORVU.MOREX.r3.5HG0537010
BaRT2v18chr6HG284110;HORVU.MOREX.r3.6HG0540930
BaRT2v18chr6HG284130;HORVU.MOREX.r3.6HG0540880
BaRT2v18chr6HG284800;HORVU.MOREX.r3.6HG0543520
BaRT2v18chr6HG288410;HORVU.MOREX.r3.6HG0550650
BaRT2v18chr6HG296050;HORVU.MOREX.r3.6HG0569450
BaRT2v18chr6HG297310;HORVU.MOREX.r3.6HG0572070
BaRT2v18chr6HG297680;HORVU.MOREX.r3.6HG0572900
BaRT2v18chr6HG299650;HORVU.MOREX.r3.6HG0577650
BaRT2v18chr6HG306290;HORVU.MOREX.r3.6HG0593630
BaRT2v18chr6HG309260;HORVU.MOREX.r3.6HG0599910
BaRT2v18chr6HG311690;HORVU.MOREX.r3.6HG0604730
BaRT2v18chr6HG313730;HORVU.MOREX.r3.6HG0608910
BaRT2v18chr6HG314840;HORVU.MOREX.r3.6HG0611050
BaRT2v18chr6HG316250;HORVU.MOREX.r3.6HG0613540
BaRT2v18chr6HG324800;HORVU.MOREX.r3.6HG0627970
BaRT2v18chr6HG325930;HORVU.MOREX.r3.6HG0629760
BaRT2v18chr6HG326700;HORVU.MOREX.r3.6HG0631080
BaRT2v18chr6HG328470;HORVU.MOREX.r3.6HG0634250
BaRT2v18chr7HG328650;HORVU.MOREX.r3.7HG0634720
BaRT2v18chr7HG337190;HORVU.MOREX.r3.7HG0651580
BaRT2v18chr7HG338560;HORVU.MOREX.r3.7HG0654850
BaRT2v18chr7HG339290;HORVU.MOREX.r3.7HG0656090
BaRT2v18chr7HG348840;HORVU.MOREX.r3.7HG0674530
BaRT2v18chr7HG351000;HORVU.MOREX.r3.7HG0678460
BaRT2v18chr7HG351350;HORVU.MOREX.r3.7HG0679370
BaRT2v18chr7HG354180;HORVU.MOREX.r3.7HG0685290
BaRT2v18chr7HG355430;HORVU.MOREX.r3.7HG0688310
BaRT2v18chr7HG359370;HORVU.MOREX.r3.7HG0698110
BaRT2v18chr7HG360060;HORVU.MOREX.r3.7HG0700030
BaRT2v18chr7HG363470;HORVU.MOREX.r3.7HG0707530
BaRT2v18chr7HG363520;HORVU.MOREX.r3.7HG0707780
BaRT2v18chr7HG363740;HORVU.MOREX.r3.7HG0708100
BaRT2v18chr7HG364110;HORVU.MOREX.r3.7HG0708730
BaRT2v18chr7HG364850;HORVU.MOREX.r3.7HG0710320
BaRT2v18chr7HG373480;HORVU.MOREX.r3.7HG0726450
BaRT2v18chr7HG379410;HORVU.MOREX.r3.7HG0737470
BaRT2v18chr7HG385800;HORVU.MOREX.r3.7HG0748860
BaRT2v18chr1HG002230;HORVU.MOREX.r3.1HG0004220
BaRT2v18chr1HG004020;HORVU.MOREX.r3.1HG0008290
BaRT2v18chr1HG008320;HORVU.MOREX.r3.1HG0017770
BaRT2v18chr1HG010930;HORVU.MOREX.r3.1HG0022710
BaRT2v18chr1HG014270;HORVU.MOREX.r3.1HG0031890
BaRT2v18chr1HG014590;HORVU.MOREX.r3.1HG0032990
BaRT2v18chr1HG014960;HORVU.MOREX.r3.1HG0033970
BaRT2v18chr1HG015020;HORVU.MOREX.r3.1HG0034230
BaRT2v18chr1HG016820;HORVU.MOREX.r3.1HG0038800
BaRT2v18chr1HG017500;HORVU.MOREX.r3.1HG0040570
BaRT2v18chr1HG017770;HORVU.MOREX.r3.1HG0040910
BaRT2v18chr1HG017980;HORVU.MOREX.r3.1HG0041280
BaRT2v18chr1HG018110;HORVU.MOREX.r3.1HG0041600
BaRT2v18chr1HG019290;HORVU.MOREX.r3.1HG0044640
BaRT2v18chr1HG019910;HORVU.MOREX.r3.1HG0046030
BaRT2v18chr1HG020650;HORVU.MOREX.r3.1HG0047660
BaRT2v18chr1HG021540;HORVU.MOREX.r3.1HG0049600
BaRT2v18chr1HG022030;HORVU.MOREX.r3.1HG0050630
BaRT2v18chr1HG024250;HORVU.MOREX.r3.1HG0054460
BaRT2v18chr1HG025370;HORVU.MOREX.r3.1HG0056440
BaRT2v18chr1HG030450;HORVU.MOREX.r3.1HG0064910
BaRT2v18chr1HG031540;HORVU.MOREX.r3.1HG0066900
BaRT2v18chr1HG031720;HORVU.MOREX.r3.1HG0067090
BaRT2v18chr1HG032480;HORVU.MOREX.r3.1HG0068010
BaRT2v18chr1HG033630;HORVU.MOREX.r3.1HG0069940
BaRT2v18chr1HG035510;HORVU.MOREX.r3.1HG0072860
BaRT2v18chr1HG035770;HORVU.MOREX.r3.1HG0073190
BaRT2v18chr1HG035940;HORVU.MOREX.r3.1HG0073380
BaRT2v18chr1HG036800;HORVU.MOREX.r3.1HG0074540
BaRT2v18chr1HG037540;HORVU.MOREX.r3.1HG0075730
BaRT2v18chr1HG037770;HORVU.MOREX.r3.1HG0076150
BaRT2v18chr1HG038830;HORVU.MOREX.r3.1HG0077680
BaRT2v18chr1HG039630;HORVU.MOREX.r3.1HG0079120
BaRT2v18chr1HG040410;HORVU.MOREX.r3.1HG0080170
BaRT2v18chr1HG043010;HORVU.MOREX.r3.1HG0084050
BaRT2v18chr1HG044370;HORVU.MOREX.r3.1HG0086360
BaRT2v18chr2HG051450;HORVU.MOREX.r3.UnG0776700
BaRT2v18chr2HG053240;HORVU.MOREX.r3.2HG0101240
BaRT2v18chr2HG054760;HORVU.MOREX.r3.2HG0104910
BaRT2v18chr2HG055050;HORVU.MOREX.r3.2HG0105420
BaRT2v18chr2HG055100;HORVU.MOREX.r3.2HG0105520
BaRT2v18chr2HG055100;HORVU.MOREX.r3.2HG0105540
BaRT2v18chr2HG059050;HORVU.MOREX.r3.2HG0112820
BaRT2v18chr2HG059260;HORVU.MOREX.r3.2HG0113160
BaRT2v18chr2HG059550;HORVU.MOREX.r3.2HG0113660
BaRT2v18chr2HG059940;HORVU.MOREX.r3.2HG0114280
BaRT2v18chr2HG061340;HORVU.MOREX.r3.2HG0117090
BaRT2v18chr2HG064210;HORVU.MOREX.r3.2HG0122450
BaRT2v18chr2HG068990;HORVU.MOREX.r3.2HG0132230
BaRT2v18chr2HG073100;HORVU.MOREX.r3.2HG0141400
BaRT2v18chr2HG074360;HORVU.MOREX.r3.2HG0144830
BaRT2v18chr2HG075920;HORVU.MOREX.r3.2HG0149050
BaRT2v18chr2HG076470;HORVU.MOREX.r3.2HG0150290
BaRT2v18chr2HG078600;HORVU.MOREX.r3.2HG0155750
BaRT2v18chr2HG079100;HORVU.MOREX.r3.2HG0156960
BaRT2v18chr2HG079130;HORVU.MOREX.r3.2HG0157030
BaRT2v18chr2HG080620;HORVU.MOREX.r3.2HG0159970
BaRT2v18chr2HG080980;HORVU.MOREX.r3.2HG0160800
BaRT2v18chr2HG081030;HORVU.MOREX.r3.2HG0160930
BaRT2v18chr2HG082750;HORVU.MOREX.r3.2HG0165870
BaRT2v18chr2HG083380;HORVU.MOREX.r3.2HG0166530
BaRT2v18chr2HG083410;HORVU.MOREX.r3.2HG0166630
BaRT2v18chr2HG083720;HORVU.MOREX.r3.2HG0167300
BaRT2v18chr2HG084230;HORVU.MOREX.r3.2HG0168390
BaRT2v18chr2HG085120;HORVU.MOREX.r3.2HG0170290
BaRT2v18chr2HG086110;HORVU.MOREX.r3.2HG0172320
BaRT2v18chr2HG087290;HORVU.MOREX.r3.2HG0173920
BaRT2v18chr2HG087300;HORVU.MOREX.r3.2HG0173950
BaRT2v18chr2HG089970;HORVU.MOREX.r3.2HG0178230
BaRT2v18chr2HG090510;HORVU.MOREX.r3.2HG0178950
BaRT2v18chr2HG091270;HORVU.MOREX.r3.2HG0180490
BaRT2v18chr2HG093010;HORVU.MOREX.r3.2HG0183690
BaRT2v18chr2HG097880;HORVU.MOREX.r3.2HG0191100
BaRT2v18chr2HG098800;HORVU.MOREX.r3.2HG0192510
BaRT2v18chr2HG098840;HORVU.MOREX.r3.2HG0192620
BaRT2v18chr2HG103800;HORVU.MOREX.r3.2HG0198790
BaRT2v18chr2HG108240;HORVU.MOREX.r3.2HG0206500
BaRT2v18chr2HG108330;HORVU.MOREX.r3.2HG0206630
BaRT2v18chr2HG110280;HORVU.MOREX.r3.2HG0209810
BaRT2v18chr3HG115050;HORVU.MOREX.r3.3HG0218230
BaRT2v18chr3HG115710;HORVU.MOREX.r3.3HG0219330
BaRT2v18chr3HG115740;HORVU.MOREX.r3.3HG0219360
BaRT2v18chr3HG117910;HORVU.MOREX.r3.3HG0224040
BaRT2v18chr3HG126270;HORVU.MOREX.r3.3HG0239840
BaRT2v18chr3HG127280;HORVU.MOREX.r3.3HG0241720
BaRT2v18chr3HG128730;HORVU.MOREX.r3.3HG0244960
BaRT2v18chr3HG130410;HORVU.MOREX.r3.3HG0248100
BaRT2v18chr3HG130430;HORVU.MOREX.r3.3HG0248120
BaRT2v18chr3HG130790;HORVU.MOREX.r3.3HG0248810
BaRT2v18chr3HG132390;HORVU.MOREX.r3.3HG0252270
BaRT2v18chr3HG136690;HORVU.MOREX.r3.3HG0262290
BaRT2v18chr3HG137250;HORVU.MOREX.r3.3HG0263860
BaRT2v18chr3HG138020;HORVU.MOREX.r3.3HG0266000
BaRT2v18chr3HG139040;HORVU.MOREX.r3.3HG0268410
BaRT2v18chr3HG139620;HORVU.MOREX.r3.3HG0270100
BaRT2v18chr3HG140210;HORVU.MOREX.r3.3HG0271550
BaRT2v18chr3HG143320;HORVU.MOREX.r3.3HG0278440
BaRT2v18chr3HG143530;HORVU.MOREX.r3.3HG0279110
BaRT2v18chr3HG144770;HORVU.MOREX.r3.3HG0281240
BaRT2v18chr3HG145300;HORVU.MOREX.r3.3HG0282500
BaRT2v18chr3HG146020;HORVU.MOREX.r3.3HG0283730
BaRT2v18chr3HG150010;HORVU.MOREX.r3.3HG0290320
BaRT2v18chr3HG152830;HORVU.MOREX.r3.3HG0295200
BaRT2v18chr3HG156320;HORVU.MOREX.r3.3HG0300700
BaRT2v18chr3HG157500;HORVU.MOREX.r3.3HG0302410
BaRT2v18chr3HG157750;HORVU.MOREX.r3.3HG0302760
BaRT2v18chr3HG158010;HORVU.MOREX.r3.3HG0303110
BaRT2v18chr3HG158320;HORVU.MOREX.r3.3HG0303550
BaRT2v18chr3HG159280;HORVU.MOREX.r3.3HG0305100
BaRT2v18chr3HG160790;HORVU.MOREX.r3.3HG0307240
BaRT2v18chr3HG161760;HORVU.MOREX.r3.3HG0308840
BaRT2v18chr3HG162850;HORVU.MOREX.r3.3HG0310400
BaRT2v18chr3HG170860;HORVU.MOREX.r3.3HG0324930
BaRT2v18chr3HG172930;HORVU.MOREX.r3.3HG0329300
BaRT2v18chr3HG173430;HORVU.MOREX.r3.3HG0330120
BaRT2v18chr3HG173920;HORVU.MOREX.r3.3HG0330980
BaRT2v18chr4HG174880;HORVU.MOREX.r3.4HG0331980
BaRT2v18chr4HG174910;HORVU.MOREX.r3.4HG0332030
BaRT2v18chr4HG174910;HORVU.MOREX.r3.4HG0332030
BaRT2v18chr4HG176280;HORVU.MOREX.r3.4HG0333970
BaRT2v18chr4HG181720;HORVU.MOREX.r3.4HG0341940
BaRT2v18chr4HG182610;HORVU.MOREX.r3.4HG0343350
BaRT2v18chr4HG182780;HORVU.MOREX.r3.4HG0343610
BaRT2v18chr4HG185770;HORVU.MOREX.r3.4HG0349380
BaRT2v18chr4HG186740;HORVU.MOREX.r3.4HG0351560
BaRT2v18chr4HG188680;HORVU.MOREX.r3.4HG0356550
BaRT2v18chr4HG189710;HORVU.MOREX.r3.4HG0358890
BaRT2v18chr4HG196540;HORVU.MOREX.r3.4HG0378860
BaRT2v18chr4HG196910;HORVU.MOREX.r3.4HG0379540
BaRT2v18chr4HG197370;HORVU.MOREX.r3.4HG0380480
BaRT2v18chr4HG197370;HORVU.MOREX.r3.4HG0380480
BaRT2v18chr4HG199130;HORVU.MOREX.r3.4HG0383880
BaRT2v18chr4HG203720;HORVU.MOREX.r3.4HG0391960
BaRT2v18chr4HG203760;HORVU.MOREX.r3.4HG0392110
BaRT2v18chr4HG204910;HORVU.MOREX.r3.4HG0393930
BaRT2v18chr4HG206240;HORVU.MOREX.r3.4HG0396080
BaRT2v18chr4HG208040;HORVU.MOREX.r3.4HG0399020
BaRT2v18chr4HG211370;HORVU.MOREX.r3.4HG0404070
BaRT2v18chr4HG211370;HORVU.MOREX.r3.4HG0404070
BaRT2v18chr4HG211950;HORVU.MOREX.r3.4HG0404940
BaRT2v18chr4HG212270;HORVU.MOREX.r3.4HG0405590
BaRT2v18chr4HG213170;HORVU.MOREX.r3.4HG0406960
BaRT2v18chr4HG216130;HORVU.MOREX.r3.4HG0411600
BaRT2v18chr4HG216550;HORVU.MOREX.r3.4HG0412170
BaRT2v18chr4HG216870;HORVU.MOREX.r3.4HG0412610
BaRT2v18chr4HG217470;HORVU.MOREX.r3.4HG0413650
BaRT2v18chr4HG218880;HORVU.MOREX.r3.4HG0415770
BaRT2v18chr5HG223270;HORVU.MOREX.r3.5HG0425010
BaRT2v18chr5HG224040;HORVU.MOREX.r3.5HG0427160
BaRT2v18chr5HG224420;HORVU.MOREX.r3.5HG0428020
BaRT2v18chr5HG229190;HORVU.MOREX.r3.5HG0440320
BaRT2v18chr5HG229650;HORVU.MOREX.r3.5HG0441230
BaRT2v18chr5HG230080;HORVU.MOREX.r3.5HG0442260
BaRT2v18chr5HG230370;HORVU.MOREX.r3.5HG0443000
BaRT2v18chr5HG230370;HORVU.MOREX.r3.5HG0443000
BaRT2v18chr5HG232460;HORVU.MOREX.r3.5HG0447150
BaRT2v18chr5HG234210;HORVU.MOREX.r3.5HG0451540
BaRT2v18chr5HG235520;HORVU.MOREX.r3.5HG0455100
BaRT2v18chr5HG235630;HORVU.MOREX.r3.5HG0457110
BaRT2v18chr5HG236850;HORVU.MOREX.r3.5HG0462370
BaRT2v18chr5HG239780;HORVU.MOREX.r3.5HG0464810
BaRT2v18chr5HG242070;HORVU.MOREX.r3.5HG0469310
BaRT2v18chr5HG242490;HORVU.MOREX.r3.5HG0470230
BaRT2v18chr5HG242500;HORVU.MOREX.r3.5HG0470270
BaRT2v18chr5HG243420;HORVU.MOREX.r3.5HG0471790
BaRT2v18chr5HG243420;HORVU.MOREX.r3.5HG0471790
BaRT2v18chr5HG244560;HORVU.MOREX.r3.5HG0474540
BaRT2v18chr5HG246210;HORVU.MOREX.r3.5HG0478010
BaRT2v18chr5HG246210;HORVU.MOREX.r3.5HG0478010
BaRT2v18chr5HG250670;HORVU.MOREX.r3.5HG0485780
BaRT2v18chr5HG252520;HORVU.MOREX.r3.5HG0488480
BaRT2v18chr5HG253190;HORVU.MOREX.r3.5HG0489830
BaRT2v18chr5HG253350;HORVU.MOREX.r3.5HG0490210
BaRT2v18chr5HG258900;HORVU.MOREX.r3.5HG0498830
BaRT2v18chr5HG259040;HORVU.MOREX.r3.5HG0499120
BaRT2v18chr5HG262470;HORVU.MOREX.r3.5HG0505100
BaRT2v18chr5HG262690;HORVU.MOREX.r3.5HG0505470
BaRT2v18chr5HG263770;HORVU.MOREX.r3.5HG0507920
BaRT2v18chr5HG263870;HORVU.MOREX.r3.5HG0508050
BaRT2v18chr5HG264740;HORVU.MOREX.r3.5HG0509500
BaRT2v18chr5HG265570;HORVU.MOREX.r3.5HG0510590
BaRT2v18chr5HG266050;HORVU.MOREX.r3.5HG0511480
BaRT2v18chr5HG268340;HORVU.MOREX.r3.5HG0514790
BaRT2v18chr5HG268620;HORVU.MOREX.r3.5HG0515330
BaRT2v18chr5HG270320;HORVU.MOREX.r3.5HG0518160
BaRT2v18chr5HG271420;HORVU.MOREX.r3.5HG0520260
BaRT2v18chr5HG272230;HORVU.MOREX.r3.5HG0521950
BaRT2v18chr5HG272900;HORVU.MOREX.r3.5HG0522770
BaRT2v18chr5HG274070;HORVU.MOREX.r3.5HG0524730
BaRT2v18chr5HG275710;HORVU.MOREX.r3.5HG0527400
BaRT2v18chr5HG279380;HORVU.MOREX.r3.5HG0534280
BaRT2v18chr5HG280990;HORVU.MOREX.r3.5HG0537010
BaRT2v18chr5HG281210;HORVU.MOREX.r3.5HG0537360
BaRT2v18chr5HG281800;HORVU.MOREX.r3.5HG0538190
BaRT2v18chr6HG284130;HORVU.MOREX.r3.6HG0540880
BaRT2v18chr6HG286070;HORVU.MOREX.r3.6HG0546280
BaRT2v18chr6HG286670;HORVU.MOREX.r3.6HG0547410
BaRT2v18chr6HG288410;HORVU.MOREX.r3.6HG0550650
BaRT2v18chr6HG291490;HORVU.MOREX.r3.6HG0557160
BaRT2v18chr6HG293050;HORVU.MOREX.r3.6HG0560910
BaRT2v18chr6HG295490;HORVU.MOREX.r3.6HG0568530
BaRT2v18chr6HG295750;HORVU.MOREX.r3.6HG0568820
BaRT2v18chr6HG297200;HORVU.MOREX.r3.6HG0571810
BaRT2v18chr6HG297690;HORVU.MOREX.r3.6HG0572930
BaRT2v18chr6HG298260;HORVU.MOREX.r3.6HG0573810
BaRT2v18chr6HG299490;HORVU.MOREX.r3.6HG0577180
BaRT2v18chr6HG304400;HORVU.MOREX.r3.6HG0589730
BaRT2v18chr6HG304500;HORVU.MOREX.r3.6HG0589890
BaRT2v18chr6HG304520;HORVU.MOREX.r3.6HG0589920
BaRT2v18chr6HG304520;HORVU.MOREX.r3.6HG0589920
BaRT2v18chr6HG307330;HORVU.MOREX.r3.6HG0596310
BaRT2v18chr6HG310850;HORVU.MOREX.r3.6HG0603150
BaRT2v18chr6HG311380;HORVU.MOREX.r3.6HG0604260
BaRT2v18chr6HG312850;HORVU.MOREX.r3.6HG0607130
BaRT2v18chr6HG314240;HORVU.MOREX.r3.6HG0609730
BaRT2v18chr6HG314840;HORVU.MOREX.r3.6HG0611050
BaRT2v18chr6HG317560;HORVU.MOREX.r3.6HG0615790
BaRT2v18chr6HG318990;HORVU.MOREX.r3.6HG0617850
BaRT2v18chr6HG320240;HORVU.MOREX.r3.6HG0619820
BaRT2v18chr6HG320720;HORVU.MOREX.r3.6HG0620630
BaRT2v18chr6HG320860;HORVU.MOREX.r3.6HG0620920
BaRT2v18chr6HG321270;HORVU.MOREX.r3.6HG0621950
BaRT2v18chr6HG322350;HORVU.MOREX.r3.6HG0623730
BaRT2v18chr6HG323900;HORVU.MOREX.r3.6HG0626460
BaRT2v18chr6HG324650;HORVU.MOREX.r3.6HG0627750
BaRT2v18chr6HG325320;HORVU.MOREX.r3.6HG0628810
BaRT2v18chr7HG328780;HORVU.MOREX.r3.7HG0634510
BaRT2v18chr7HG329720;HORVU.MOREX.r3.7HG0636580
BaRT2v18chr7HG331350;HORVU.MOREX.r3.7HG0639910
BaRT2v18chr7HG334240;HORVU.MOREX.r3.7HG0645470
BaRT2v18chr7HG336110;HORVU.MOREX.r3.7HG0649670
BaRT2v18chr7HG336650;HORVU.MOREX.r3.7HG0650840
BaRT2v18chr7HG337490;HORVU.MOREX.r3.7HG0652750
BaRT2v18chr7HG337700;HORVU.MOREX.r3.7HG0653200
BaRT2v18chr7HG337870;HORVU.MOREX.r3.7HG0653510
BaRT2v18chr7HG338560;HORVU.MOREX.r3.7HG0654850
BaRT2v18chr7HG340780;HORVU.MOREX.r3.7HG0658560
BaRT2v18chr7HG341170;HORVU.MOREX.r3.7HG0659160
BaRT2v18chr7HG341770;HORVU.MOREX.r3.7HG0660500
BaRT2v18chr7HG341910;HORVU.MOREX.r3.7HG0660840
BaRT2v18chr7HG342890;HORVU.MOREX.r3.7HG0663060
BaRT2v18chr7HG351350;HORVU.MOREX.r3.7HG0679370
BaRT2v18chr7HG352710;HORVU.MOREX.r3.7HG0682130
BaRT2v18chr7HG353030;HORVU.MOREX.r3.7HG0682750
BaRT2v18chr7HG354180;HORVU.MOREX.r3.7HG0685290
BaRT2v18chr7HG354730;HORVU.MOREX.r3.7HG0686690
BaRT2v18chr7HG355430;HORVU.MOREX.r3.7HG0688310
BaRT2v18chr7HG355670;HORVU.MOREX.r3.7HG0688870
BaRT2v18chr7HG358420;HORVU.MOREX.r3.7HG0695870
BaRT2v18chr7HG358420;HORVU.MOREX.r3.7HG0695870
BaRT2v18chr7HG358490;HORVU.MOREX.r3.7HG0695960
BaRT2v18chr7HG358900;HORVU.MOREX.r3.7HG0697420
BaRT2v18chr7HG359220;HORVU.MOREX.r3.7HG0697810
BaRT2v18chr7HG360580;HORVU.MOREX.r3.7HG0701250
BaRT2v18chr7HG361220;HORVU.MOREX.r3.7HG0702560
BaRT2v18chr7HG362040;HORVU.MOREX.r3.7HG0704390
BaRT2v18chr7HG363470;HORVU.MOREX.r3.7HG0707530
BaRT2v18chr7HG363470;HORVU.MOREX.r3.7HG0707530
BaRT2v18chr7HG363520;HORVU.MOREX.r3.7HG0707780
BaRT2v18chr7HG364110;HORVU.MOREX.r3.7HG0708730
BaRT2v18chr7HG364780;HORVU.MOREX.r3.7HG0710130
BaRT2v18chr7HG365290;HORVU.MOREX.r3.7HG0711200
BaRT2v18chr7HG367240;HORVU.MOREX.r3.7HG0715010
BaRT2v18chr7HG367980;HORVU.MOREX.r3.7HG0716730
BaRT2v18chr7HG368730;HORVU.MOREX.r3.7HG0718150
BaRT2v18chr7HG371890;HORVU.MOREX.r3.7HG0723550
BaRT2v18chr7HG372340;HORVU.MOREX.r3.7HG0724580
BaRT2v18chr7HG372490;HORVU.MOREX.r3.7HG0724810
BaRT2v18chr7HG374110;HORVU.MOREX.r3.7HG0727460
BaRT2v18chr7HG374420;HORVU.MOREX.r3.7HG0728160
BaRT2v18chr7HG380680;HORVU.MOREX.r3.7HG0739520
BaRT2v18chr7HG380930;HORVU.MOREX.r3.7HG0739930
BaRT2v18chr7HG382010;HORVU.MOREX.r3.7HG0741780
BaRT2v18chr7HG383940;HORVU.MOREX.r3.7HG0745700
BaRT2v18chr7HG384070;HORVU.MOREX.r3.7HG0745900
BaRT2v18chr1HG001480;HORVU.MOREX.r3.1HG0002160
BaRT2v18chr1HG006350;HORVU.MOREX.r3.1HG0013820
BaRT2v18chr1HG007420;HORVU.MOREX.r3.1HG0016090
BaRT2v18chr1HG010600;HORVU.MOREX.r3.1HG0022070
BaRT2v18chr1HG011750;HORVU.MOREX.r3.1HG0024690
BaRT2v18chr1HG012600;HORVU.MOREX.r3.1HG0026940
BaRT2v18chr1HG013450;HORVU.MOREX.r3.1HG0029580
BaRT2v18chr1HG015990;HORVU.MOREX.r3.1HG0036770
BaRT2v18chr1HG019130;HORVU.MOREX.r3.1HG0044150
BaRT2v18chr1HG021380;HORVU.MOREX.r3.1HG0049340
BaRT2v18chr1HG024800;HORVU.MOREX.r3.1HG0055370
BaRT2v18chr1HG025560;HORVU.MOREX.r3.1HG0056670
BaRT2v18chr1HG027340;HORVU.MOREX.r3.1HG0059470
BaRT2v18chr1HG029880;HORVU.MOREX.r3.1HG0064070
BaRT2v18chr1HG030310;HORVU.MOREX.r3.1HG0064730
BaRT2v18chr1HG031620;HORVU.MOREX.r3.1HG0067020
BaRT2v18chr1HG035190;HORVU.MOREX.r3.1HG0072410
BaRT2v18chr1HG036460;HORVU.MOREX.r3.1HG0074020
BaRT2v18chr1HG039970;HORVU.MOREX.r3.1HG0079630
BaRT2v18chr1HG043170;HORVU.MOREX.r3.1HG0084360
BaRT2v18chr1HG046580;HORVU.MOREX.r3.1HG0090780
BaRT2v18chr2HG051380;HORVU.MOREX.r3.2HG0098410
BaRT2v18chr2HG055180;HORVU.MOREX.r3.2HG0105650
BaRT2v18chr2HG058360;HORVU.MOREX.r3.2HG0111610
BaRT2v18chr2HG061690;HORVU.MOREX.r3.2HG0117790
BaRT2v18chr2HG064840;HORVU.MOREX.r3.2HG0123880
BaRT2v18chr2HG064860;HORVU.MOREX.r3.2HG0123910
BaRT2v18chr2HG069130;HORVU.MOREX.r3.2HG0132510
BaRT2v18chr2HG072370;HORVU.MOREX.r3.2HG0139420
BaRT2v18chr2HG074420;HORVU.MOREX.r3.2HG0144920
BaRT2v18chr2HG074910;HORVU.MOREX.r3.2HG0146220
BaRT2v18chr2HG075930;HORVU.MOREX.r3.2HG0149060
BaRT2v18chr2HG077040;HORVU.MOREX.r3.2HG0152100
BaRT2v18chr2HG077530;HORVU.MOREX.r3.2HG0153420
BaRT2v18chr2HG077880;HORVU.MOREX.r3.2HG0154110
BaRT2v18chr2HG081280;HORVU.MOREX.r3.2HG0161380
BaRT2v18chr2HG084080;HORVU.MOREX.r3.2HG0168120
BaRT2v18chr2HG084720;HORVU.MOREX.r3.2HG0169420
BaRT2v18chr2HG093010;HORVU.MOREX.r3.2HG0183690
BaRT2v18chr2HG093520;HORVU.MOREX.r3.2HG0184260
BaRT2v18chr2HG105550;HORVU.MOREX.r3.2HG0201910
BaRT2v18chr2HG106100;HORVU.MOREX.r3.2HG0202670
BaRT2v18chr2HG109590;HORVU.MOREX.r3.2HG0208800
BaRT2v18chr2HG114220;HORVU.MOREX.r3.2HG0218030
BaRT2v18chr2HG114690;HORVU.MOREX.r3.2HG0217520
BaRT2v18chr3HG116220;HORVU.MOREX.r3.3HG0220140
BaRT2v18chr3HG116710;HORVU.MOREX.r3.3HG0221240
BaRT2v18chr3HG123970;HORVU.MOREX.r3.3HG0235190
BaRT2v18chr3HG124460;HORVU.MOREX.r3.3HG0236070
BaRT2v18chr3HG124940;HORVU.MOREX.r3.3HG0236850
BaRT2v18chr3HG124970;HORVU.MOREX.r3.3HG0236880
BaRT2v18chr3HG125940;HORVU.MOREX.r3.3HG0239050
BaRT2v18chr3HG126390;HORVU.MOREX.r3.3HG0240040
BaRT2v18chr3HG126690;HORVU.MOREX.r3.3HG0240590
BaRT2v18chr3HG126690;HORVU.MOREX.r3.3HG0240590
BaRT2v18chr3HG128520;HORVU.MOREX.r3.3HG0244240
BaRT2v18chr3HG135850;HORVU.MOREX.r3.3HG0259660
BaRT2v18chr3HG135950;HORVU.MOREX.r3.3HG0260000
BaRT2v18chr3HG139850;HORVU.MOREX.r3.3HG0270750
BaRT2v18chr3HG140810;HORVU.MOREX.r3.3HG0273130
BaRT2v18chr3HG141040;HORVU.MOREX.r3.3HG0273540
BaRT2v18chr3HG142410;HORVU.MOREX.r3.3HG0276570
BaRT2v18chr3HG144360;HORVU.MOREX.r3.3HG0280630
BaRT2v18chr3HG146230;HORVU.MOREX.r3.3HG0284060
BaRT2v18chr3HG146800;HORVU.MOREX.r3.3HG0285150
BaRT2v18chr3HG146820;HORVU.MOREX.r3.3HG0285210
BaRT2v18chr3HG147650;HORVU.MOREX.r3.3HG0286710
BaRT2v18chr3HG148660;HORVU.MOREX.r3.3HG0288270
BaRT2v18chr3HG150010;HORVU.MOREX.r3.3HG0290320
BaRT2v18chr3HG151080;HORVU.MOREX.r3.3HG0292280
BaRT2v18chr3HG151530;HORVU.MOREX.r3.3HG0293130
BaRT2v18chr3HG153820;HORVU.MOREX.r3.3HG0296590
BaRT2v18chr3HG154180;HORVU.MOREX.r3.3HG0297290
BaRT2v18chr3HG155960;HORVU.MOREX.r3.3HG0300030
BaRT2v18chr3HG161820;HORVU.MOREX.r3.3HG0308970
BaRT2v18chr3HG163320;HORVU.MOREX.r3.3HG0310940
BaRT2v18chr3HG164520;HORVU.MOREX.r3.3HG0312760
BaRT2v18chr3HG164520;HORVU.MOREX.r3.3HG0312760
BaRT2v18chr3HG164520;HORVU.MOREX.r3.3HG0312760
BaRT2v18chr3HG164520;HORVU.MOREX.r3.3HG0312760
BaRT2v18chr3HG172080;HORVU.MOREX.r3.3HG0327270
BaRT2v18chr3HG172820;HORVU.MOREX.r3.3HG0329040
BaRT2v18chr4HG176010;HORVU.MOREX.r3.4HG0333650
BaRT2v18chr4HG178260;HORVU.MOREX.r3.4HG0336680
BaRT2v18chr4HG178610;HORVU.MOREX.r3.4HG0337080
BaRT2v18chr4HG178750;HORVU.MOREX.r3.4HG0337230
BaRT2v18chr4HG181050;HORVU.MOREX.r3.4HG0340690
BaRT2v18chr4HG188000;HORVU.MOREX.r3.4HG0354730
BaRT2v18chr4HG188050;HORVU.MOREX.r3.4HG0354980
BaRT2v18chr4HG190920;HORVU.MOREX.r3.4HG0362920
BaRT2v18chr4HG198170;HORVU.MOREX.r3.4HG0382250
BaRT2v18chr4HG199440;HORVU.MOREX.r3.4HG0384350
BaRT2v18chr4HG200670;HORVU.MOREX.r3.4HG0386550
BaRT2v18chr4HG200670;HORVU.MOREX.r3.4HG0386550
BaRT2v18chr4HG201140;HORVU.MOREX.r3.4HG0387430
BaRT2v18chr4HG210460;HORVU.MOREX.r3.4HG0402810
BaRT2v18chr4HG211500;HORVU.MOREX.r3.4HG0404270
BaRT2v18chr4HG212250;HORVU.MOREX.r3.4HG0405560
BaRT2v18chr4HG212780;HORVU.MOREX.r3.4HG0406320
BaRT2v18chr4HG213150;HORVU.MOREX.r3.4HG0406930
BaRT2v18chr4HG215260;HORVU.MOREX.r3.4HG0410090
BaRT2v18chr4HG218430;HORVU.MOREX.r3.4HG0415080
BaRT2v18chr4HG218970;HORVU.MOREX.r3.4HG0415960
BaRT2v18chr4HG220400;HORVU.MOREX.r3.4HG0418190
BaRT2v18chr5HG229680;HORVU.MOREX.r3.5HG0441360
BaRT2v18chr5HG230370;HORVU.MOREX.r3.5HG0443000
BaRT2v18chr5HG236770;HORVU.MOREX.r3.5HG0458450
BaRT2v18chr5HG241840;HORVU.MOREX.r3.5HG0468970
BaRT2v18chr5HG244030;HORVU.MOREX.r3.5HG0473520
BaRT2v18chr5HG244380;HORVU.MOREX.r3.5HG0474060
BaRT2v18chr5HG244560;HORVU.MOREX.r3.5HG0474540
BaRT2v18chr5HG247820;HORVU.MOREX.r3.5HG0480660
BaRT2v18chr5HG253330;HORVU.MOREX.r3.5HG0490180
BaRT2v18chr5HG254690;HORVU.MOREX.r3.5HG0492130
BaRT2v18chr5HG258900;HORVU.MOREX.r3.5HG0498830
BaRT2v18chr5HG260370;HORVU.MOREX.r3.5HG0501380
BaRT2v18chr5HG264030;HORVU.MOREX.r3.5HG0508270
BaRT2v18chr5HG280950;HORVU.MOREX.r3.5HG0536930
BaRT2v18chr6HG293750;HORVU.MOREX.r3.6HG0564320
BaRT2v18chr6HG294790;HORVU.MOREX.r3.6HG0566930
BaRT2v18chr6HG298270;HORVU.MOREX.r3.6HG0573820
BaRT2v18chr6HG302520;HORVU.MOREX.r3.6HG0584810
BaRT2v18chr6HG306500;HORVU.MOREX.r3.6HG0594010
BaRT2v18chr6HG307420;HORVU.MOREX.r3.6HG0596460
BaRT2v18chr6HG307450;HORVU.MOREX.r3.6HG0596500
BaRT2v18chr6HG311380;HORVU.MOREX.r3.6HG0604260
BaRT2v18chr6HG314210;HORVU.MOREX.r3.6HG0609680
BaRT2v18chr6HG315180;HORVU.MOREX.r3.6HG0611480
BaRT2v18chr6HG315400;HORVU.MOREX.r3.6HG0612090
BaRT2v18chr6HG319180;HORVU.MOREX.r3.6HG0618160
BaRT2v18chr6HG321740;HORVU.MOREX.r3.6HG0622620
BaRT2v18chr6HG328470;HORVU.MOREX.r3.6HG0634250
BaRT2v18chr7HG330610;HORVU.MOREX.r3.7HG0637960
BaRT2v18chr7HG330610;HORVU.MOREX.r3.7HG0637960
BaRT2v18chr7HG335300;HORVU.MOREX.r3.7HG0648220
BaRT2v18chr7HG341350;HORVU.MOREX.r3.7HG0659570
BaRT2v18chr7HG343980;HORVU.MOREX.r3.7HG0664800
BaRT2v18chr7HG347520;HORVU.MOREX.r3.7HG0671360
BaRT2v18chr7HG349050;HORVU.MOREX.r3.7HG0674970
BaRT2v18chr7HG349050;HORVU.MOREX.r3.7HG0674970
BaRT2v18chr7HG350940;HORVU.MOREX.r3.7HG0678310
BaRT2v18chr7HG354800;HORVU.MOREX.r3.7HG0686830
BaRT2v18chr7HG356070;HORVU.MOREX.r3.7HG0689770
BaRT2v18chr7HG356830;HORVU.MOREX.r3.7HG0691610
BaRT2v18chr7HG358930;HORVU.MOREX.r3.7HG0697320
BaRT2v18chr7HG359720;HORVU.MOREX.r3.7HG0699250
BaRT2v18chr7HG367810;HORVU.MOREX.r3.7HG0716290
BaRT2v18chr7HG371670;HORVU.MOREX.r3.7HG0723210
BaRT2v18chr7HG373820;HORVU.MOREX.r3.7HG0727040
BaRT2v18chr7HG373820;HORVU.MOREX.r3.7HG0727040
BaRT2v18chr7HG374980;HORVU.MOREX.r3.7HG0728980
BaRT2v18chrUnG389090;HORVU.MOREX.r3.5HG0488110
BaRT2v18chrUnG389090;HORVU.MOREX.r3.5HG0488130
BaRT2v18chr1HG009280;HORVU.MOREX.r3.1HG0019410
BaRT2v18chr1HG010510;HORVU.MOREX.r3.1HG0021940
BaRT2v18chr1HG012100;HORVU.MOREX.r3.1HG0025720
BaRT2v18chr1HG013140;HORVU.MOREX.r3.1HG0028230
BaRT2v18chr1HG013380;HORVU.MOREX.r3.1HG0029430
BaRT2v18chr1HG014510;HORVU.MOREX.r3.1HG0032760
BaRT2v18chr1HG018400;HORVU.MOREX.r3.1HG0042440
BaRT2v18chr1HG020000;HORVU.MOREX.r3.1HG0046280
BaRT2v18chr1HG020540;HORVU.MOREX.r3.1HG0047470
BaRT2v18chr1HG021640;HORVU.MOREX.r3.1HG0049770
BaRT2v18chr1HG021650;HORVU.MOREX.r3.1HG0049840
BaRT2v18chr1HG024310;HORVU.MOREX.r3.1HG0054530
BaRT2v18chr1HG025320;HORVU.MOREX.r3.1HG0056360
BaRT2v18chr1HG026910;HORVU.MOREX.r3.1HG0058970
BaRT2v18chr1HG027340;HORVU.MOREX.r3.1HG0059470
BaRT2v18chr1HG029130;HORVU.MOREX.r3.1HG0062870
BaRT2v18chr1HG029190;HORVU.MOREX.r3.1HG0062940
BaRT2v18chr1HG031540;HORVU.MOREX.r3.1HG0066900
BaRT2v18chr1HG033830;HORVU.MOREX.r3.1HG0070210
BaRT2v18chr1HG036680;HORVU.MOREX.r3.1HG0074350
BaRT2v18chr1HG038810;HORVU.MOREX.r3.1HG0077640
BaRT2v18chr1HG039630;HORVU.MOREX.r3.1HG0079120
BaRT2v18chr1HG039970;HORVU.MOREX.r3.1HG0079630
BaRT2v18chr1HG045940;HORVU.MOREX.r3.1HG0089460
BaRT2v18chr1HG047430;HORVU.MOREX.r3.1HG0092200
BaRT2v18chr2HG058400;HORVU.MOREX.r3.2HG0111640
BaRT2v18chr2HG062480;HORVU.MOREX.r3.2HG0119460
BaRT2v18chr2HG065610;HORVU.MOREX.r3.2HG0125510
BaRT2v18chr2HG068300;HORVU.MOREX.r3.2HG0130920
BaRT2v18chr2HG076950;HORVU.MOREX.r3.2HG0151810
BaRT2v18chr2HG077450;HORVU.MOREX.r3.2HG0153250
BaRT2v18chr2HG077730;HORVU.MOREX.r3.2HG0153830
BaRT2v18chr2HG077920;HORVU.MOREX.r3.2HG0154170
BaRT2v18chr2HG081280;HORVU.MOREX.r3.2HG0161380
BaRT2v18chr2HG085340;HORVU.MOREX.r3.2HG0170810
BaRT2v18chr2HG085860;HORVU.MOREX.r3.2HG0171860
BaRT2v18chr2HG086480;HORVU.MOREX.r3.2HG0172940
BaRT2v18chr2HG089590;HORVU.MOREX.r3.2HG0177780
BaRT2v18chr2HG096210;HORVU.MOREX.r3.2HG0188300
BaRT2v18chr2HG097480;HORVU.MOREX.r3.2HG0190400
BaRT2v18chr2HG098100;HORVU.MOREX.r3.2HG0191420
BaRT2v18chr2HG099260;HORVU.MOREX.r3.2HG0193090
BaRT2v18chr2HG099420;HORVU.MOREX.r3.2HG0193390
BaRT2v18chr2HG100350;HORVU.MOREX.r3.2HG0195130
BaRT2v18chr2HG100640;HORVU.MOREX.r3.2HG0194650
BaRT2v18chr2HG106100;HORVU.MOREX.r3.2HG0202670
BaRT2v18chr2HG109170;HORVU.MOREX.r3.2HG0207980
BaRT2v18chr2HG109880;HORVU.MOREX.r3.2HG0209180
BaRT2v18chr2HG114220;HORVU.MOREX.r3.2HG0218030
BaRT2v18chr3HG115020;HORVU.MOREX.r3.3HG0218260
BaRT2v18chr3HG116970;HORVU.MOREX.r3.3HG0221800
BaRT2v18chr3HG119940;HORVU.MOREX.r3.3HG0228230
BaRT2v18chr3HG124970;HORVU.MOREX.r3.3HG0236880
BaRT2v18chr3HG125550;HORVU.MOREX.r3.3HG0237880
BaRT2v18chr3HG125940;HORVU.MOREX.r3.3HG0239050
BaRT2v18chr3HG127300;HORVU.MOREX.r3.3HG0241770
BaRT2v18chr3HG128170;HORVU.MOREX.r3.3HG0243610
BaRT2v18chr3HG128520;HORVU.MOREX.r3.3HG0244240
BaRT2v18chr3HG128670;HORVU.MOREX.r3.3HG0244680
BaRT2v18chr3HG129830;HORVU.MOREX.r3.3HG0246800
BaRT2v18chr3HG132260;HORVU.MOREX.r3.3HG0252110
BaRT2v18chr3HG133260;HORVU.MOREX.r3.3HG0254150
BaRT2v18chr3HG134530;HORVU.MOREX.r3.3HG0256400
BaRT2v18chr3HG137990;HORVU.MOREX.r3.3HG0265990
BaRT2v18chr3HG138590;HORVU.MOREX.r3.3HG0267230
BaRT2v18chr3HG139170;HORVU.MOREX.r3.3HG0268810
BaRT2v18chr3HG143120;HORVU.MOREX.r3.3HG0278110
BaRT2v18chr3HG144670;HORVU.MOREX.r3.3HG0281100
BaRT2v18chr3HG145500;HORVU.MOREX.r3.3HG0282790
BaRT2v18chr3HG146800;HORVU.MOREX.r3.3HG0285150
BaRT2v18chr3HG146820;HORVU.MOREX.r3.3HG0285210
BaRT2v18chr3HG151390;HORVU.MOREX.r3.3HG0292900
BaRT2v18chr3HG152400;HORVU.MOREX.r3.3HG0294620
BaRT2v18chr3HG153620;HORVU.MOREX.r3.3HG0296270
BaRT2v18chr3HG153740;HORVU.MOREX.r3.3HG0296450
BaRT2v18chr3HG153740;HORVU.MOREX.r3.3HG0296450
BaRT2v18chr3HG154380;HORVU.MOREX.r3.3HG0297570
BaRT2v18chr3HG159270;HORVU.MOREX.r3.3HG0305030
BaRT2v18chr3HG160580;HORVU.MOREX.r3.3HG0306880
BaRT2v18chr3HG160870;HORVU.MOREX.r3.3HG0307340
BaRT2v18chr3HG161820;HORVU.MOREX.r3.3HG0308970
BaRT2v18chr3HG164520;HORVU.MOREX.r3.3HG0312760
BaRT2v18chr3HG164520;HORVU.MOREX.r3.3HG0312760
BaRT2v18chr3HG164520;HORVU.MOREX.r3.3HG0312760
BaRT2v18chr3HG169020;HORVU.MOREX.r3.3HG0321560
BaRT2v18chr3HG171160;HORVU.MOREX.r3.3HG0325580
BaRT2v18chr3HG172000;HORVU.MOREX.r3.3HG0327190
BaRT2v18chr4HG175400;HORVU.MOREX.r3.4HG0333000
BaRT2v18chr4HG175910;HORVU.MOREX.r3.4HG0333550
BaRT2v18chr4HG176010;HORVU.MOREX.r3.4HG0333650
BaRT2v18chr4HG177090;HORVU.MOREX.r3.4HG0335030
BaRT2v18chr4HG178560;HORVU.MOREX.r3.4HG0337040
BaRT2v18chr4HG179000;HORVU.MOREX.r3.4HG0337700
BaRT2v18chr4HG181050;HORVU.MOREX.r3.4HG0340690
BaRT2v18chr4HG181100;HORVU.MOREX.r3.4HG0340820
BaRT2v18chr4HG184260;HORVU.MOREX.r3.4HG0346410
BaRT2v18chr4HG188050;HORVU.MOREX.r3.4HG0354980
BaRT2v18chr4HG191880;HORVU.MOREX.r3.4HG0365740
BaRT2v18chr4HG193100;HORVU.MOREX.r3.4HG0369610
BaRT2v18chr4HG193120;HORVU.MOREX.r3.4HG0369710
BaRT2v18chr4HG193370;HORVU.MOREX.r3.4HG0370520
BaRT2v18chr4HG195850;HORVU.MOREX.r3.4HG0377280
BaRT2v18chr4HG199440;HORVU.MOREX.r3.4HG0384350
BaRT2v18chr4HG200850;HORVU.MOREX.r3.4HG0386920
BaRT2v18chr4HG201160;HORVU.MOREX.r3.4HG0387510
BaRT2v18chr4HG201890;HORVU.MOREX.r3.4HG0388860
BaRT2v18chr4HG204400;HORVU.MOREX.r3.4HG0393010
BaRT2v18chr4HG210900;HORVU.MOREX.r3.4HG0403400
BaRT2v18chr4HG212180;HORVU.MOREX.r3.4HG0405370
BaRT2v18chr4HG220400;HORVU.MOREX.r3.4HG0418190
BaRT2v18chr4HG220400;HORVU.MOREX.r3.4HG0418190
BaRT2v18chr5HG225650;HORVU.MOREX.r3.5HG0430480
BaRT2v18chr5HG226660;HORVU.MOREX.r3.5HG0433250
BaRT2v18chr5HG234700;HORVU.MOREX.r3.5HG0453430
BaRT2v18chr5HG237010;HORVU.MOREX.r3.5HG0459090
BaRT2v18chr5HG239070;HORVU.MOREX.r3.5HG0463430
BaRT2v18chr5HG239950;HORVU.MOREX.r3.5HG0465190
BaRT2v18chr5HG240080;HORVU.MOREX.r3.5HG0465530
BaRT2v18chr5HG240120;HORVU.MOREX.r3.5HG0465560
BaRT2v18chr5HG242850;HORVU.MOREX.r3.5HG0470940
BaRT2v18chr5HG244380;HORVU.MOREX.r3.5HG0474060
BaRT2v18chr5HG245590;HORVU.MOREX.r3.5HG0476550
BaRT2v18chr5HG256910;HORVU.MOREX.r3.5HG0495770
BaRT2v18chr5HG258900;HORVU.MOREX.r3.5HG0498830
BaRT2v18chr5HG261190;HORVU.MOREX.r3.5HG0502780
BaRT2v18chr5HG266760;HORVU.MOREX.r3.5HG0512490
BaRT2v18chr5HG268280;HORVU.MOREX.r3.5HG0514690
BaRT2v18chr5HG270060;HORVU.MOREX.r3.5HG0517860
BaRT2v18chr5HG271080;HORVU.MOREX.r3.5HG0519730
BaRT2v18chr5HG277040;HORVU.MOREX.r3.5HG0529660
BaRT2v18chr6HG283010;HORVU.MOREX.r3.6HG0540590
BaRT2v18chr6HG283310;HORVU.MOREX.r3.6HG0542310
BaRT2v18chr6HG285840;HORVU.MOREX.r3.6HG0545810
BaRT2v18chr6HG290320;HORVU.MOREX.r3.6HG0554700
BaRT2v18chr6HG290660;HORVU.MOREX.r3.6HG0555250
BaRT2v18chr6HG292030;HORVU.MOREX.r3.6HG0558240
BaRT2v18chr6HG295040;HORVU.MOREX.r3.6HG0567370
BaRT2v18chr6HG295280;HORVU.MOREX.r3.6HG0568070
BaRT2v18chr6HG299140;HORVU.MOREX.r3.6HG0575740
BaRT2v18chr6HG299140;HORVU.MOREX.r3.6HG0575740
BaRT2v18chr6HG304300;HORVU.MOREX.r3.6HG0589560
BaRT2v18chr6HG304760;HORVU.MOREX.r3.6HG0590620
BaRT2v18chr6HG305690;HORVU.MOREX.r3.6HG0592510
BaRT2v18chr6HG306020;HORVU.MOREX.r3.6HG0593250
BaRT2v18chr6HG309080;HORVU.MOREX.r3.6HG0599630
BaRT2v18chr6HG311380;HORVU.MOREX.r3.6HG0604260
BaRT2v18chr6HG312380;HORVU.MOREX.r3.6HG0606220
BaRT2v18chr6HG315180;HORVU.MOREX.r3.6HG0611480
BaRT2v18chr6HG316340;HORVU.MOREX.r3.6HG0613660
BaRT2v18chr6HG320900;HORVU.MOREX.r3.6HG0620980
BaRT2v18chr6HG320900;HORVU.MOREX.r3.6HG0620980
BaRT2v18chr6HG324650;HORVU.MOREX.r3.6HG0627750
BaRT2v18chr6HG325920;HORVU.MOREX.r3.6HG0629730
BaRT2v18chr6HG325920;HORVU.MOREX.r3.6HG0629730
BaRT2v18chr6HG325990;HORVU.MOREX.r3.6HG0629810
BaRT2v18chr7HG334180;HORVU.MOREX.r3.7HG0645350
BaRT2v18chr7HG334180;HORVU.MOREX.r3.7HG0645350
BaRT2v18chr7HG338550;HORVU.MOREX.r3.7HG0654830
BaRT2v18chr7HG343880;HORVU.MOREX.r3.7HG0664630
BaRT2v18chr7HG348820;HORVU.MOREX.r3.7HG0674510
BaRT2v18chr7HG354470;HORVU.MOREX.r3.7HG0686010
BaRT2v18chr7HG356830;HORVU.MOREX.r3.7HG0691610
BaRT2v18chr7HG357090;HORVU.MOREX.r3.7HG0692370
BaRT2v18chr7HG357170;HORVU.MOREX.r3.7HG0692610
BaRT2v18chr7HG362120;HORVU.MOREX.r3.7HG0704520
BaRT2v18chr7HG366170;HORVU.MOREX.r3.7HG0712870
BaRT2v18chr7HG366290;HORVU.MOREX.r3.7HG0713160
BaRT2v18chr7HG367240;HORVU.MOREX.r3.7HG0715010
BaRT2v18chr7HG369270;HORVU.MOREX.r3.7HG0719110
BaRT2v18chr7HG369670;HORVU.MOREX.r3.7HG0719830
BaRT2v18chr7HG373700;HORVU.MOREX.r3.7HG0726850
BaRT2v18chr7HG373700;HORVU.MOREX.r3.7HG0726850
BaRT2v18chr7HG374140;HORVU.MOREX.r3.7HG0727500
BaRT2v18chr7HG374980;HORVU.MOREX.r3.7HG0728980
BaRT2v18chr7HG378190;HORVU.MOREX.r3.7HG0735110
BaRT2v18chr7HG383320;HORVU.MOREX.r3.7HG0744780
BaRT2v18chr7HG383940;HORVU.MOREX.r3.7HG0745700
BaRT2v18chr7HG384350;HORVU.MOREX.r3.7HG0746460
BaRT2v18chrUnG388590;HORVU.MOREX.r3.2HG0216930
BaRT2v18chrUnG389090;HORVU.MOREX.r3.5HG0488110
BaRT2v18chrUnG389090;HORVU.MOREX.r3.5HG0488130
;
